"Source","Stratum","Sum"
"eBird","East",95711.6137032629
"eBird","West",65770.2113984259
"BAM","East",150099.340836083
"BAM","West",298248.769481764
